{"is_source_file": true, "format": "Python", "description": "This file implements an interactive command-line shell interface for managing and querying an SQLite database named 'myapp.db'. It provides commands for listing tables, showing schemas, describing individual tables, executing SQL queries, and handling user input for database interaction.", "external_files": ["sqlite3", "sys"], "external_methods": ["sqlite3.connect", "sqlite3.Error", "cursor.execute", "cursor.fetchall", "cursor.description", "sys.exit"], "published": ["print_help", "list_tables", "show_schema", "describe_table", "execute_query", "main"], "classes": [], "methods": [{"name": "print_help()", "description": "Prints help information about available shell commands.", "scope": "", "scopeKind": ""}, {"name": "list_tables(cursor)", "description": "Lists all user-defined tables in the database.", "scope": "", "scopeKind": ""}, {"name": "show_schema(cursor, table_name=None)", "description": "Displays the CREATE statements for tables, either all or a specified one.", "scope": "", "scopeKind": ""}, {"name": "describe_table(cursor, table_name)", "description": "Shows the structure of a specified table including columns and properties.", "scope": "", "scopeKind": ""}, {"name": "execute_query(cursor, query)", "description": "Executes a SQL query and displays results or affected rows.", "scope": "", "scopeKind": ""}, {"name": "main()", "description": "Main loop for the interactive shell, handling user input and command execution.", "scope": "", "scopeKind": ""}], "calls": ["sqlite3.connect", "cursor.execute", "sys.exit", "list_tables", "show_schema", "describe_table", "execute_query", "print_help"], "search-terms": ["sqlite3", "interactive shell", "database management", "table description", "schema display", "SQL commands", "interactive sqlite"], "state": 2, "file_id": 2, "knowledge_revision": 18, "git_revision": "34cc64ce28ddf70194d7997dd84374762692531c", "ctags": [{"_type": "tag", "name": "DB_NAME", "path": "/home/kavia/workspace/code-generation/simple-notes-app-315314-315345/database/db_shell.py", "pattern": "/^DB_NAME = \"myapp.db\"$/", "language": "Python", "kind": "variable"}, {"_type": "tag", "name": "describe_table", "path": "/home/kavia/workspace/code-generation/simple-notes-app-315314-315345/database/db_shell.py", "pattern": "/^def describe_table(cursor, table_name):$/", "language": "Python", "kind": "function", "signature": "(cursor, table_name)"}, {"_type": "tag", "name": "execute_query", "path": "/home/kavia/workspace/code-generation/simple-notes-app-315314-315345/database/db_shell.py", "pattern": "/^def execute_query(cursor, query):$/", "language": "Python", "kind": "function", "signature": "(cursor, query)"}, {"_type": "tag", "name": "list_tables", "path": "/home/kavia/workspace/code-generation/simple-notes-app-315314-315345/database/db_shell.py", "pattern": "/^def list_tables(cursor):$/", "language": "Python", "kind": "function", "signature": "(cursor)"}, {"_type": "tag", "name": "main", "path": "/home/kavia/workspace/code-generation/simple-notes-app-315314-315345/database/db_shell.py", "pattern": "/^def main():$/", "language": "Python", "kind": "function", "signature": "()"}, {"_type": "tag", "name": "print_help", "path": "/home/kavia/workspace/code-generation/simple-notes-app-315314-315345/database/db_shell.py", "pattern": "/^def print_help():$/", "language": "Python", "kind": "function", "signature": "()"}, {"_type": "tag", "name": "show_schema", "path": "/home/kavia/workspace/code-generation/simple-notes-app-315314-315345/database/db_shell.py", "pattern": "/^def show_schema(cursor, table_name=None):$/", "language": "Python", "kind": "function", "signature": "(cursor, table_name=None)"}], "hash": "7a5a132ab2db661e22c5eb4827332833", "format-version": 4, "code-base-name": "database", "filename": "database/db_shell.py", "fields": [{"name": "DB_NAME = \"myapp.db\"", "scope": "", "scopeKind": "", "description": "unavailable"}], "revision_history": [{"18": "34cc64ce28ddf70194d7997dd84374762692531c"}]}