{"is_source_file": true, "format": "HTML", "description": "This is an HTML file serving as the front-end user interface for a database visualization web application. It includes layout, styling, and client-side JavaScript code for interacting with back-end APIs to list databases, tables, and display table data dynamically.", "external_files": ["/api/databases", "/api/{db}/tables", "/api/{db}/tables/{table}/data"], "external_methods": ["fetch"], "published": [], "classes": [], "methods": [{"name": "loadDatabases", "description": "Fetches the list of databases from the server and displays them in the sidebar."}, {"name": "refreshDatabases", "description": "Refreshes the list of databases by reloading from server."}, {"name": "toggleDatabase", "description": "Expands or collapses the database to show its tables; loads tables when expanded."}, {"name": "loadTables", "description": "Fetches tables for a selected database and displays them."}, {"name": "loadTableData", "description": "Fetches and displays data for a selected table."}, {"name": "renderTable", "description": "Renders the fetched data as an HTML table in the content area."}, {"name": "renderCell", "description": "Creates a table cell with proper formatting depending on content type."}, {"name": "expandCell", "description": "Expands or collapses a cell showing full content for long or complex data."}], "calls": ["fetch", "loadDatabases", "loadTables", "loadTableData", "renderTable", "expandCell", "showLoading", "showError", "showEmptyState", "setActiveState"], "search-terms": ["database viewer", "API calls", "table rendering", "client-side data display", "HTML front-end", "dynamic tables"], "state": 2, "file_id": 4, "knowledge_revision": 15, "git_revision": "34cc64ce28ddf70194d7997dd84374762692531c", "hash": "ee63333a4841bf025439c755a74c9881", "format-version": 4, "code-base-name": "database", "filename": "database/db_visualizer/public/index.html", "revision_history": [{"15": "34cc64ce28ddf70194d7997dd84374762692531c"}]}