{"is_source_file": true, "format": "bash", "description": "A shell script for automatically detecting and backing up different types of databases (SQLite, PostgreSQL, MySQL, MongoDB) depending on which is active on the system.", "external_files": ["ls", "mysqladmin", "mysql", "mysqldump", "mongosh", "mongodump"], "external_methods": ["pg_isready"], "published": [], "classes": [], "methods": [], "calls": ["ls", "sudo mysqladmin", "mysql -h localhost -P ${DB_PORT} -u ${DB_USER} -p${DB_PASSWORD}", "mysqldump", "mongosh", "mongodump", "pg_isready"], "search-terms": ["backup_db.sh", "database backup script", "SQLite", "PostgreSQL", "MySQL", "MongoDB", "db detection", "database backup"], "state": 2, "file_id": 6, "knowledge_revision": 14, "git_revision": "34cc64ce28ddf70194d7997dd84374762692531c", "hash": "d7da372b768c895a33088027314656c3", "format-version": 4, "code-base-name": "database", "filename": "database/backup_db.sh", "revision_history": [{"14": "34cc64ce28ddf70194d7997dd84374762692531c"}]}