{"is_source_file": false, "format": "", "description": "", "external_files": [], "external_methods": [], "published": [], "classes": [], "methods": [], "calls": [], "search-terms": ["simple-notes-app-315314-315345", "README.md", "project identification"], "state": 2, "file_id": 9, "knowledge_revision": 12, "git_revision": "c300597d6389d0c79b8c45cd3b8df34c5b460a2b", "hash": "059fd4d5a73fd619bee769d723019d06", "format-version": 4, "code-base-name": "database", "filename": "README.md", "revision_history": [{"12": "c300597d6389d0c79b8c45cd3b8df34c5b460a2b"}]}